layer,original_experts,reap_pruned,aikar_pruned,shared_pruned,reap_only,aikar_only
0,128,12,12,1,"[12, 31, 40, 42, 56, 57, 78, 88, 93, 96, 104]","[0, 1, 2, 3, 4, 5, 6, 7, 9, 10, 11]"
1,128,12,12,2,"[17, 19, 43, 48, 54, 58, 61, 75, 82, 126]","[0, 1, 2, 3, 4, 5, 7, 8, 9, 11]"
2,128,12,12,0,"[17, 18, 22, 30, 32, 54, 79, 89, 94, 96, 119, 127]","[0, 1, 2, 3, 4, 5, 6, 7, 8, 9, 10, 11]"
3,128,12,12,1,"[29, 42, 48, 50, 52, 56, 57, 58, 61, 115, 124]","[0, 1, 2, 3, 4, 5, 6, 8, 9, 10, 11]"
4,128,12,12,4,"[23, 27, 58, 61, 103, 112, 120, 124]","[0, 3, 4, 5, 7, 8, 9, 10]"
5,128,12,12,1,"[12, 28, 37, 43, 54, 101, 103, 107, 113, 114, 120]","[1, 2, 3, 4, 5, 6, 7, 8, 9, 10, 11]"
6,128,12,12,1,"[29, 41, 43, 46, 49, 58, 68, 89, 111, 115, 125]","[0, 1, 2, 3, 5, 6, 7, 8, 9, 10, 11]"
7,128,12,12,0,"[16, 39, 59, 83, 85, 88, 95, 106, 108, 116, 117, 121]","[0, 1, 2, 3, 4, 5, 6, 7, 8, 9, 10, 11]"
8,128,12,12,3,"[54, 58, 65, 73, 77, 79, 85, 97, 123]","[0, 2, 3, 4, 5, 7, 8, 9, 10]"
9,128,12,12,0,"[22, 31, 36, 39, 43, 48, 49, 51, 53, 68, 70, 95]","[0, 1, 2, 3, 4, 5, 6, 7, 8, 9, 10, 11]"
10,128,12,12,0,"[23, 27, 43, 46, 48, 50, 79, 82, 97, 100, 108, 125]","[0, 1, 2, 3, 4, 5, 6, 7, 8, 9, 10, 11]"
11,128,12,12,0,"[17, 28, 34, 47, 64, 76, 91, 93, 97, 104, 117, 119]","[0, 1, 2, 3, 4, 5, 6, 7, 8, 9, 10, 11]"
12,128,12,12,1,"[34, 40, 75, 80, 82, 84, 88, 90, 102, 104, 114]","[0, 1, 3, 4, 5, 6, 7, 8, 9, 10, 11]"
13,128,12,12,1,"[20, 37, 40, 57, 62, 64, 67, 81, 87, 105, 122]","[0, 1, 2, 3, 4, 6, 7, 8, 9, 10, 11]"
14,128,12,12,1,"[26, 35, 41, 43, 44, 61, 82, 98, 110, 122, 123]","[0, 1, 2, 3, 4, 5, 6, 7, 8, 9, 10]"
15,128,12,12,1,"[24, 28, 37, 55, 57, 84, 86, 90, 107, 112, 116]","[0, 1, 2, 3, 4, 5, 6, 8, 9, 10, 11]"
16,128,12,12,2,"[25, 31, 60, 69, 74, 79, 81, 103, 122, 123]","[0, 1, 2, 3, 4, 5, 7, 8, 10, 11]"
17,128,12,12,0,"[26, 30, 38, 45, 47, 50, 69, 86, 98, 103, 120, 125]","[0, 1, 2, 3, 4, 5, 6, 7, 8, 9, 10, 11]"
18,128,12,12,1,"[12, 13, 16, 18, 28, 48, 55, 56, 63, 68, 114]","[0, 1, 2, 4, 5, 6, 7, 8, 9, 10, 11]"
19,128,12,12,0,"[12, 33, 45, 52, 61, 62, 74, 75, 106, 107, 112, 116]","[0, 1, 2, 3, 4, 5, 6, 7, 8, 9, 10, 11]"
20,128,12,12,2,"[21, 30, 35, 37, 56, 68, 83, 91, 98, 124]","[1, 3, 4, 5, 6, 7, 8, 9, 10, 11]"
21,128,12,12,3,"[12, 16, 21, 41, 47, 60, 71, 104, 111]","[0, 1, 2, 3, 4, 6, 7, 10, 11]"
22,128,12,12,2,"[38, 45, 46, 61, 73, 100, 106, 117, 126, 127]","[1, 3, 4, 5, 6, 7, 8, 9, 10, 11]"
23,128,12,12,1,"[12, 15, 28, 30, 31, 42, 67, 68, 76, 90, 124]","[0, 2, 3, 4, 5, 6, 7, 8, 9, 10, 11]"
24,128,12,12,0,"[12, 19, 28, 30, 31, 54, 76, 77, 98, 105, 117, 118]","[0, 1, 2, 3, 4, 5, 6, 7, 8, 9, 10, 11]"
25,128,12,12,1,"[16, 17, 48, 74, 75, 81, 85, 99, 115, 118, 119]","[0, 1, 3, 4, 5, 6, 7, 8, 9, 10, 11]"
26,128,12,12,3,"[27, 36, 43, 60, 78, 93, 97, 118, 120]","[0, 1, 2, 3, 4, 7, 9, 10, 11]"
27,128,12,12,0,"[12, 16, 31, 43, 67, 79, 81, 86, 87, 103, 107, 118]","[0, 1, 2, 3, 4, 5, 6, 7, 8, 9, 10, 11]"
28,128,12,12,1,"[14, 15, 23, 24, 33, 35, 39, 79, 88, 94, 112]","[0, 1, 2, 3, 4, 5, 6, 8, 9, 10, 11]"
29,128,12,12,0,"[16, 20, 22, 49, 59, 62, 79, 82, 101, 104, 105, 108]","[0, 1, 2, 3, 4, 5, 6, 7, 8, 9, 10, 11]"
