layer,token_index,slot,expert_id,raw_router_logit,post_softmax,post_topk,final_gate_weight,pre_gate_output_norm,weighted_output_norm,REAP_contribution
0,0,0,103,3.43051815032959,0.06398146415206775,0.06398146599531174,0.24339544773101807,3.5553914641961737,0.8653660967998998,0.8653660972870676
0,0,1,114,2.9258856773376465,0.038627364330902546,0.03862736001610756,0.14694447815418243,3.817968525886222,0.5610293919025284,0.561029392645444
0,0,2,84,2.8567118644714355,0.03604568396297024,0.036045681685209274,0.13712337613105774,3.565356386537436,0.4888937055646633,0.4888937048324417
0,0,3,105,2.6342263221740723,0.028855528122563007,0.02885552868247032,0.10977091640233994,3.8649713166683717,0.4242614434536023,0.42426144329944554
0,0,4,60,2.563300609588623,0.026879821581664444,0.026879820972681046,0.10225501656532288,5.429530642086136,0.5551967449595713,0.555196745748446
0,0,5,79,2.4459526538848877,0.023903572442343517,0.02390357479453087,0.09093291312456131,4.016662009526509,0.36524677764556934,0.36524677756299984
0,0,6,81,2.3764214515686035,0.022297994017015547,0.022297995164990425,0.08482503890991211,6.234166821191249,0.5288134430204253,0.5288134431784308
0,0,7,118,2.3755698204040527,0.022279012434204666,0.022279012948274612,0.08475282788276672,6.477653324517084,0.5489994370970186,0.5489994372970282
0,1,0,105,3.7291982173919678,0.06285397342846132,0.06285397708415985,0.2681131958961487,16.678268526283993,4.471663877244206,4.471663876596152
0,1,1,60,3.421349287033081,0.04619932665885442,0.04619932919740677,0.19707025587558746,3.601063244650389,0.7096624515982956,0.7096624550474254
0,1,2,41,2.8107283115386963,0.025086861126873743,0.025086862966418266,0.1070118248462677,3.02791178228304,0.3240223652012531,0.32402236529562295
0,1,3,111,2.7687458992004395,0.024055456099482307,0.02405545860528946,0.1026122123003006,3.149938277859003,0.323222135510293,0.32322213530051125
0,1,4,17,2.565880298614502,0.019638584638484887,0.019638586789369583,0.08377137035131454,4.562439700245482,0.38220182483127146,0.38220182583480483
0,1,5,49,2.5362730026245117,0.01906566243979874,0.01906566135585308,0.08132747560739517,3.5368834002845357,0.28764579823832254,0.2876457984628415
0,1,6,124,2.5244784355163574,0.01884211213575732,0.01884211041033268,0.08037388324737549,3.6021099201898314,0.2895155624346806,0.28951556216955054
0,1,7,19,2.5163068771362305,0.018688770091444235,0.01868877001106739,0.07971978932619095,2.309186487742782,0.18408786029183336,0.1840878603177414
0,2,0,24,4.177355766296387,0.07176666346110779,0.07176666706800461,0.20800310373306274,5.581797491486496,1.1610311993699844,1.161031202638615
0,2,1,94,4.113565444946289,0.06733160564630795,0.06733161211013794,0.19514887034893036,3.0888080117346584,0.602777394140671,0.6027773942147442
0,2,2,92,3.7497599124908447,0.046797239550966006,0.0467972457408905,0.13563361763954163,7.483142422535396,1.014965681096334,1.014965678080399
0,2,3,102,3.701456069946289,0.0445904796146848,0.044590480625629425,0.12923769652843475,8.115823067168916,1.0488702791489037,1.0488702786332469
0,2,4,46,3.5334701538085938,0.03769526382386863,0.03769526258111,0.10925310850143433,4.584296683647783,0.5008486620491368,0.5008486629813368
0,2,5,98,3.1920528411865234,0.026792370011703714,0.02679237350821495,0.07765299826860428,2.0580975978975116,0.15981744921265878,0.1598174492061541
0,2,6,32,3.1596157550811768,0.025937247417437075,0.025937248021364212,0.07517456263303757,2.117626773966369,0.15919166651063263,0.15919166655293207
0,2,7,6,3.0868115425109863,0.024116007876847437,0.02411600947380066,0.06989602744579315,4.592051261134019,0.32096614097579096,0.32096614098071247
